"4275","4275b","Hinge Plate 1x2 with 3 Fingers"
"3069bpx19","3069bpc3","Tile 1x2 with Red 82, Yellow and White Gauges Pattern"
"54200","50746","Slope Brick 31 1x1x2/3 (Cheese Wedge)"
"2412b","30244","Tile, Modified 1x2 Grille with Bottom Groove"
"6014b","6014","Wheel 11.5mm D. x 12 mm, hole notched for wheels holder pin"
"4265c","32123a","Technic Bush 1/2 Smooth"
"4073","6141","Plate 1 x 1 Round"
"3070b","30039","Tile 1 x 1 with Groove"
"91968c01","64422","Train Buffer Beam with Sealed Magnets - Type 2"
"4092","4092a","Train Bogie Plate with Pin"
"3005","30071","Brick 1 x 1"
"30241","60475","Brick 1 x 1 with Clip Vertical"
"3069bpx40","3069bp0c","Tile 1x2 with Envelope, Cursive Script and Seal Pattern"
"4345","30060","Container, Box 2x2x2"
"4218","4218a","Garage Roller Door Section with Handle"
"4219","4219a","Garage Roller Door Section without Handle"
"60603","86210","Glass for Window 1 x 4 x 3 Opening"
"91968c01","64424","Train Buffer Beam with Sealed Magnets - Type 2"
"4025","4092b","Train Bogie Plate"
"3069px5","3069bp08","Tile 1 x 2 with Clock Digital Pattern"
"4345","4345b","Container, Box 2 x 2 x 2"
"4032","4032b","Plate, Round 2 x 2 with Axle Hole"
"4032","4032a","Plate, Round 2 x 2 with Axle Hole"
"3742c01","3741c01","Plant Flower Small, Sprue of Four"
"3857","3857h","Baseplate 16 x 32"
"2958","2723","Technic Disk 3 x 3"
"4592c02","4592c01","Lever Small Base with Black Lever"
"3040","3040b","Slope 45 2 x 1"
"3941","6143","Brick, Round 2 x 2"
"60657","3190","Door 1 x 3 x 3 Right"
"60658","3191","Door 1 x 3 x 3 Left"
"3044","3044b","Slope 45 2 x 1 Double"
"3070px3","3070bp01","Tile 1 x 1 with Number 1 Pattern"
"3070px4","3070bp02","Tile 1 x 1 with Number 2 Pattern"
"3070px5","3070bp03","Tile 1 x 1 with Number 3 Pattern"
"3070pb01","3070bp04","Tile 1 x 1 with Number 4 Pattern"
"3068px4","3068bp70","Tile 2 x 2 with Gauges Pattern"
"3039px6","3039pc4","Slope 45 2 x 2 with 3 Gauges and 3 Knobs Pattern"
"4150px1","4150p03","Tile, Round 2 x 2 with Clock Pattern"
"3069bps2","3069bps6","Tile 1 x 2 with Avionics SW Copper, Red & Silver Pattern"
"3049","3049b","Slope 45 2 x 1 Double/Inverted"
"3046a","3046","Slope 45 2 x 2 Double Concave"
"2456","44237","Brick 2 x 6"
"4276","4276b","Hinge Plate 1 x 2 with 2 Fingers"
"4276","4276a","Hinge Plate 1 x 2 with 2 Fingers"
"553b","30367","Brick, Round 2 x 2 Dome Top - with Bottom Axle Holder"
"x8","6255","Plant 1 x 1 x 2/3 with 3 Large Leaves"
"4493c01pb02","4493c01","Horse with Black Eyes Circled with White, Brown Bridle Pattern"
"3245b","3245a","Brick 1 x 2 x 2 with Inside Axle Holder"
"4459","2780","Technic, Pin with Friction Ridges Lengthwise"
"2654","54196","Plate, Round 2 x 2 with Rounded Bottom (Boat Stud)"
"2880","2923","Hinge Bar 2.5L with 2 and 3 Fingers on Ends"
"49668","49673","Plate, Modified 1 x 1 with Tooth"
"30027b","30027","Wheel 8mm D. x 9mm (for slicks), hole notched for wheels holder pin"
"71137b","40620","Vehicle, Exhaust Pipe with Technic Pin"
"87989","u9115","Minifig, Utensil Syringe"
"x127c11","76384","String with End Studs 11L Overall"
"x1739","55013","Technic, Axle 8 with Stop"
"30553","482","Hinge Cylinder 1 x 2 Locking with 2 Fingers and Axlehole On Ends"
"60801","60583","Brick, Modified 1 x 1 x 3 with 2 Clips Vertical"
"6538","6538a","Technic, Axle Connector Ridged"
"892","30259","Road Sign Clip-on 2 x 2 Triangle"
"58380","3192a","Door 1 x 3 x 4 Right"
"88293","u9116","Brick, Round Corner 3 x 3 x 2 Dome Top"
"58381","3193a","Door 1 x 3 x 4 Left"
"3127","3127a","Plate 1 x 2 with Crane Hook"
"71182","112","Minifig, Utensil Car Air Horn"
"30086","75977","Boat, Rubber Raft"
"3069bpx7","3069bpw2","Tile 1 x 2 with 100 Dollar Bill Money Pattern"
"2431px17","2431pc0","Tile 1 x 4 with Knob, Dials and Train Throttle Pattern"
"32064","32064a","Technic, Brick 1 x 2 with Axle Hole"
"92690","bb486","Bar 1L with Top Stud and Two Side Studs"
"52","30385","Rock 1x1 Crystal 5 Point"
"3794","3794a","Plate, Modified 1x2 with 1 Stud (Jumper)"
"3899","6264","Minifig, Utensil Cup"
"2436","2436a","Bracket 1 x 2 - 1 x 4"
"4865","4865a","Panel 1 x 2 x 1"
"3957","3957a","Antenna 1 x 4"
"4460b","4460","Slope 75 2 x 1 x 3"
"3040pb10","3040p06","Slope 45 2 x 1 with Green and Red Buttons and Keypad Pattern"
"54930c02","62930","Electric, Light Brick 2 x 3 x 1 1/3 with Trans-Clear top and Yellow LED Light"
"60607","2529","Window 1 x 2 x 3 Pane Latticed with Thick Corner Tabs"
"2825","32006","Technic, Liftarm 1 x 4 Thin with Stud Connector"
"3794","3794","Plate, Modified 1 x 2 with 1 Stud (Jumper)"
"4865","4865","Panel 1 x 2 x 1"
"6246a","55298","Minifig Tool Screwdriver"
"6246b","55295","Minifig Tool Hammer"
"6246e","55299","Minifig Tool Open End Wrench"
"6246d","55300","Minifig Tool Box Wrench"
"6246f","55296","Minifig Tool Oil Can"
"6246c","55297","Minifig Tool Power Drill"
"553b","30367a","Brick, Round 2 x 2 Dome Top - with Bottom Axle Holder"
"4599","4599a","Tap 1 x 1"
"2343","30002","Minifig, Goblet"
"59349","59350","Panel 1 x 6 x 5"
"3684","30499","Slope Brick 75 2 x 2 x 3"
"4081b","4081b","Plate  1 x  1 with Clip Light Type 2"
"2431","2431","Tile  1 x  4 with Groove"
"3460","3460","Plate  1 x  8"
"4589","4589","Cone  1 x  1"
"4073","4073","Plate  1 x  1 Round"
"3070b","3070b","Tile  1 x  1 with Groove"
"3010","3010","Brick  1 x  4"
"32028","32028","Plate  1 x  2 with Door Rail"
"87087","87087","Brick  1 x  1 with Stud on 1 Side"
"3036","3036","Plate  6 x  8"
"50950","50950","Slope Brick Curved  3 x  1"
"3062b","3062b","Brick  1 x  1 Round with Hollow Stud"
"3001","3001","Brick  2 x  4"
"3700","3700","Technic Brick  1 x  2 with Hole"
"3666","3666","Plate  1 x  6"
"63864","63864","Tile  1 x  3 with Groove"
"3005","3005","Brick  1 x  1"
"60592","60592","Window  1 x  2 x  2 without Sill"
"3031","3031","Plate  4 x  4"
"3742","3742","Plant Flower"
"3068b","3068b","Tile  2 x  2 with Groove"
"6636","6636","Tile  1 x  6"
"3038","3038","Slope Brick 45  2 x  3"
"60601","60601","Glass for Window  1 x  2 x  2 without Sill"
"4740","4740","Dish  2 x  2 Inverted"
"6266","6266","Minifig Skeleton Leg"
"30151","30151","Cylinder  2 x  2 x  1 & 2/3 with Dome Top"
"60602","60602","Glass for Window  1 x  2 x  3"
"3710","3710","Plate  1 x  4"
"49668","49668","Plate  1 x  1 with Tooth"
"3832","3832","Plate  2 x 10"
"3003","3003","Brick  2 x  2"
"3024","3024","Plate  1 x  1"
"3623","3623","Plate  1 x  3"
"3029","3029","Plate  4 x 12"
"32474","32474","Technic Ball Joint"
"3297","3297","Slope Brick 33  3 x  4"
"3069b","3069b","Tile  1 x  2 with Groove"
"60623","60623","Door  1 x  4 x  6 with 4 Panes and Stud Handle"
"3023","3023","Plate  1 x  2"
"4459","4459","Technic Pin with Friction"
"2439","2439","Container  2 x  2 Rubbish Bin"
"3942c","3942c","Cone  2 x  2 x  2 with Hollow Stud Open"
"33291","33291","Plate  1 x  1 Round with Tabs"
"60593","60593","Window  1 x  2 x  3 without Sill"
"3035","3035","Plate  4 x  8"
"30374","30374","Bar  4L Light Sabre Blade"
"3622","3622","Brick  1 x  3"
"4162","4162","Tile  1 x  8"
"64644","64644","Minifig Telescope"
"87079","87079","Tile  2 x  4 with Groove"
"3185","3185","Fence Lattice  1 x  4 x  2"
"3741","3741","Plant Flower Stem"
"2445","2445","Plate  2 x 12"
"3022","3022","Plate  2 x  2"
"3633","3633","Fence Lattice  1 x  4 x  1"
"3685","3685","Slope Brick 75  2 x  2 x  3 Double Convex"
"3009","3009","Brick  1 x  6"
"6064","6064","Plant Bush"
"98283","98283","Brick  1 x  2 with Embossed Bricks"
"60596","60596","Door  1 x  4 x  6 Frame"
"3045","3045","Slope Brick 45  2 x  2 Double Convex"
"2412b","2412b","Tile  1 x  2 Grille with Groove"
"4070","4070","Brick  1 x  1 with Headlight"
"4733","4733","Brick  1 x  1 with Studs on Four Sides"
"3028","3028","Plate  6 x 12"
"3004","3004","Brick  1 x  2"
"4477","4477","Plate  1 x 10"
"3020","3020","Plate  2 x  4"
"3034","3034","Plate  2 x  8"
"3675","3675","Slope Brick 33  3 x  3 Double Convex"
"30136","30136","Brick  1 x  2 Log"
"2357","2357","Brick  2 x  2 Corner"
"43898","43898","Dish  3 x  3 Inverted"
"4510","4510","Plate  1 x  8 with Door Rail"
"61678","61678","Slope Brick Curved  4 x  1"
"3021","3021","Plate  2 x  3"
"3008","3008","Brick  1 x  8"
"3032","3032","Plate  4 x  6"
"3298","3298","Slope Brick 33  3 x  2"
"2453","2453","Brick  1 x  1 x  5"
"3795","3795","Plate  2 x  6"
"3030","3030","Plate  4 x 10"
"3027","3027","Plate  6 x 16"
"4599b","4599b","Tap  1 x  1 without Hole in Spout"
"3960","3960","Dish  4 x  4 Inverted"
"3660","3660","Slope Brick 45  2 x  2 Inverted"
"30089","30089","Minifig Camera Snapshot"
"30176","30176","Plant Brick  1 x  1 Round with 3 Bamboo Leaves"
"572a","572a","String End Stud"
"4623","4623","Plate  1 x  2 with Vertical Bar on Long Side and Long Arm"
"6538b","6538b","Technic Axle Joiner Offset"
"3747b","3747b","Slope Brick 33  3 x  2 Inverted with Ribs between Studs"
"2423","2423","Plant Leaves  4 x  3"
"99780","99780","Bracket  1 x  2 -  1 x  2 Up"
"3676","3676","Slope Brick 45  2 x  2 Inverted Double Convex"
"4216","4216","Brick  1 x  2 with Groove"
"2456","2456","Brick  2 x  6"
"60479","60479","Plate  1 x 12"
"30055","30055","Fence Spindled  1 x  4 x  2"
"3937","3937","Hinge  1 x  2 Base"
"6112","6112","Brick  1 x 12"
"3456","3456","Plate  6 x 14"
"60594","60594","Window  1 x  4 x  3 without Shutter Tabs"
"60608","60608","Window  1 x  2 x  3 Pane with Thick Corner Tabs"
"6134","6134","Hinge  2 x  2 Top"
"4735","4735","Brick  1 x  1 x   2/3 Round with Bar and Clip Vertical"
"4282","4282","Plate  2 x 16"
"62361","62361","Car Mudguard  6 x  1 1/2 x  1 with Arch"
"6111","6111","Brick  1 x 10"
"60614","60614","Door  1 x  2 x  3 with Holes in Handle"
"3002","3002","Brick  2 x  3"
"30586","30586","Plate  2 x  8 with Door Rail"
"3706","3706","Technic Axle  6"
"3626b","3626b","Minifig Head with Hollow Stud"
"52031","52031","Wedge  4 x  6 x  0.667 Curved"
"4592","4592","Hinge Control Stick Base"
"32291","32291","Technic Cross Block 2 x 2 (Axle/Twin Pin)"
"2555","2555","Tile  1 x  1 with Clip"
"3941","3941","Brick  2 x  2 Round"
"32073","32073","Technic Axle  5"
"3738","3738","Technic Plate  2 x  8 with Holes"
"61409","61409","Slope Brick 18  2 x  1 x   2/3 Grille"
"61184","61184","Technic Pin 1/2 with Bar 2L"
"2432","2432","Tile  1 x  2 with Handle"
"6015","6015","Tyre Wide"
"4079","4079","Minifig Seat  2 x  2"
"2921","2921","Brick  1 x  1 with Handle"
"3749","3749","Technic Axle Pin"
"4150ps4","4150ps4","Tile  2 x  2 Round with Star Wars Millennium Falcon Vent Pattern"
"45411","45411","Slope Brick Curved  6 x  8 x  2 Double"
"60849","60849","Minifig Hose Nozzle with Side String Hole Simplified"
"4274","4274","Technic Pin 1/2"
"50745","50745","Car Mudguard  4 x  2.5 x  2"
"80","80","~Technic Ribbed Hose Mid Segment"
"3070bp07","3070bp07","Tile  1 x  1 with Dial Pattern"
"30414","30414","Brick  1 x  4 with Studs on Side"
"4488","4488","Plate  2 x  2 with Wheel Holder"
"6091","6091","Brick  2 x  1 x  1 & 1/3 with Curved Top"
"3673","3673","Technic Pin"
"3069bps1","3069bps1","Tile  1 x  2 with SW Computer Pattern"
"3829c01","3829c01","Car Steering Stand and Wheel (Complete)"
"4085a","4085a","Plate  1 x  1 with Clip Vertical Type 1"
"4593","4593","Hinge Control Stick"
"4176","4176","Windscreen  2 x  6 x  2"
"3713","3713","Technic Bush with Two Flanges"
"98138","98138","Tile  1 x  1 Round with Groove"
"2454","2454","Brick  1 x  2 x  5"
"30413","30413","Panel  1 x  4 x  1 with Rounded Corners"
"60616","60616","Glass for Door  1 x  4 x  6"
"41770","41770","Wing  2 x  4 Left"
"32062","32062","Technic Axle  2 Notched"
"85984","85984","Slope Brick 31  1 x  2 x  0.667"
"58827","58827","Support  2 x  2 x 10 Girder Triangular with Axlehole"
"577","577","Minifig Tool Light Sabre Hilt"
"44302","44302","Hinge Plate  1 x  2 Locking with Dual Finger on End Vertical"
"88072","88072","Plate  1 x  2 with Vertical Bar on Long Side and Short Arm"
"3959","3959","Minifig Torch"
"47720","47720","Plate  2 x  2 with Wishbone Suspension Arms and Pins"
"56902","56902","Wheel Rim  8 x 18 with Deep Center Groove"
"92950","92950","Arch  1 x  6 Raised"
"3707","3707","Technic Axle  8"
"50946","50946","Car Grille  2 x  2.5 x  3 with Sloped Front"
"55981","55981","Wheel Rim 14 x 18 with Holes on Both Sides"
"60603","60603","Glass for Window  1 x  4 x  3 Opening"
"47905","47905","Brick  1 x  1 with Studs on Two Opposite Sides"
"63965","63965","Bar  6L with Thick Stop"
"61780","61780","Container  2 x  2 x  2 Crate"
"41539","41539","Plate  8 x  8"
"4085c","4085c","Plate  1 x  1 with Clip Vertical Type 3"
"30194","30194","Minifig Circular Blade Saw"
"6541","6541","Technic Brick  1 x  1 with Hole"
"2420","2420","Plate  2 x  2 Corner"
"30228","30228","Minifig Jackhammer"
"30383","30383","Hinge Plate  1 x  2 Locking with Single Finger On Top"
"30134","30134","Staircase  7 x  4 x  6 Open"
"3836","3836","Minifig Tool Pushbroom"
"4594","4594","Windscreen  2 x  4 x  2 Vertical"
"6183","6183","Arch  1 x  6 x  2 with Curved Top"
"4496","4496","Minifig Pitchfork"
"44728","44728","Bracket  1 x  2 -  2 x  2"
"3841","3841","Minifig Pickaxe"
"3665","3665","Slope Brick 45  2 x  1 Inverted"
"3837","3837","Minifig Shovel"
"48288","48288","Tile  8 x 16"
"3647","3647","Technic Gear  8 Tooth"
"32014","32014","Technic Angle Connector #6 (90 degree)"
"32000","32000","Technic Brick  1 x  2 with Holes"
"3039","3039","Slope Brick 45  2 x  2"
"87580","87580","Plate  2 x  2 with Groove with 1 Center Stud"
"48729","48729","Bar  1.5L with Clip"
"92438","92438","Plate  8 x 16"
"3065","3065","Brick  1 x  2 without Centre Stud"
"41769","41769","Wing  2 x  4 Right"
"45677","45677","Wedge  4 x  4 x  0.667 Curved"
"4346","4346","Container Box  2 x  2 x  2 Door with Slot"
"63868","63868","Plate  1 x  2 with Clip Horizontal on End"
"4150","4150","Tile  2 x  2 Round"
"99781","99781","Bracket  1 x  2 -  1 x  2 Down"
"32039","32039","Technic Connector (Axle/Bush)"
"62462","62462","Technic Pin Joiner Round with Slot"
"3483","3483","Tyre Small"
"2436b","2436b","Bracket  1 x  2 -  1 x  4 Type 2"
"32054","32054","Technic Pin Long with Stop Bush"
"3811","3811","Baseplate 32 x 32"
"48336","48336","Plate  1 x  2 with Handle Type 2"
"6231","6231","Panel  1 x  1 x  1 Corner with Rounded Corners"
"4332","4332","Minifig Broom"
"41854","41854","Car Mudguard  2 x  4 Swept Back"
"3962b","3962b","Minifig Radio with Long Handle"
"47457","47457","Slope Brick Curved  2 x  2 x   2/3 Triple with Two Top Studs"
"2489","2489","Barrel  2 x  2 x  1.667"
"4207","4207","Ladder  2.5 x 14"
"3958","3958","Plate  6 x  6"
"2877","2877","Brick  1 x  2 with Grille"
"4600","4600","Plate  2 x  2 with Wheel Holders"
"30377","30377","Minifig Mechanical Arm"
"6179","6179","Tile  4 x  4 with Studs on Edge"
"2450","2450","Plate  3 x  3 without Corner"
"30031","30031","Minifig Handlebars"
"3033","3033","Plate  6 x 10"
"2429c01","2429c01","Hinge Plate  1 x  4 (Complete)"
"2540","2540","Plate  1 x  2 with Handle"
"60478","60478","Plate  1 x  2 with Handle on End"
"3006","3006","Brick  2 x 10"
"30157","30157","Plate  2 x  4 with Pins"
"3007","3007","Brick  2 x  8"
"88292","88292","Arch  1 x  3 x  2"
"85970","85970","Slope Brick Curved  8 x  1 with Plate  1 x  2"
"6182","6182","Arch  1 x  4 x  2"
"6016","6016","Bar  1 x  4 x  3 Window"
"62113","62113","Bar  1 x  4 x  3 with End Protrusions"
"4595","4595","Brick  1 x  2 x  0.667 with Studs on Sides"
"3957b","3957b","Antenna  4H with Flat Top"
"2460","2460","Tile  2 x  2 with Pin"
"32192","32192","Technic Angle Connector #4 (135 degree)"
"60471","60471","Hinge Plate  1 x  2 Locking with Dual Finger on Side"
"3938","3938","Hinge  1 x  2 Top"
"51739","51739","Wing  2 x  4"
"44567","44567","Hinge Plate  1 x  2 Locking with Single Finger On Side Vertical"
"2566","2566","Plant Tree Palm Top"
"2449","2449","Slope Brick 75  2 x  1 x  3 Inverted"
"3678b","3678b","Slope Brick 65  2 x  2 x  2 with Centre Tube"
"52038","52038","Bracket  2 x  4 x  2/3 with Front Studs"
"43722","43722","Wing  2 x  3 Right"
"52036","52036","Car Base  4 x 12 x  0.667"
"4589b","59900","Cone 1 x 1 with Top Groove"
"4532","92410","Container, Cupboard 2 x 3 x 2"
"15573","15573","Plate  1 x  2 with Groove with 1 Centre Stud, without Understud"
"11211","11211","Brick  1 x  2 with Two Studs on One Side"
"4533","4533","Container Cupboard  2 x  3 x  2 Door"
"60593c01","60593c01","Window  1 x  2 x  3 without Sill w/ Trans-Clear Glass"
"4286","4286","Slope Brick 33  3 x  1"
"54200","54200","Slope Brick 31  1 x  1 x  0.667"
"92946","92946","Slope Plate 45  2 x  1"
"4536","4536","Container Cupboard  2 x  3 x  2 Drawer"
"4529","4529","Minifig Saucepan"
"4697b","4697b","Technic Pneumatic T-Piece - Type 2"
"11203","11203","Tile  2 x  2 Inverted with Groove"
"3899","3899","Minifig Cup"
"92280","92280","Plate  1 x  2 with Single Clip on Top"
"30350","30350","Tile  2 x  3 with Horizontal Clips"
"11477","11477","Slope Brick Curved  2 x  1"
"87994","87994","Bar 3L"
"4865b","4865b","Panel  1 x  2 x  1 with Rounded Corners"
"92593","92593","Plate  1 x  4 with Two Studs"
"60592c01","60592c01","Window  1 x  2 x  2 without Sill w/ Trans-Clear Glass"
"93273","93273","Slope Brick Curved  4 x  1 Double"
"4460b","4460b","Slope Brick 75  2 x  1 x  3 with Hollow Stud"
"98282","98282","Car Mudguard  4 x  2.5 x  1"
"32187","32187","Technic Transmission Driving Ring Extension"
"3857","3857","Baseplate 16 x 32 with Square Corners"
"3794b","3794b","Plate  1 x  2 with Groove with 1 Centre Stud"
"91988","91988","Plate  2 x 14"
"60481","60481","Slope Brick 65  2 x  1 x  2"
"76116","76116","Minifig Mechanical Arm with Clip and Rod Hole"
"58176","58176","Cylinder Domed  1 x  1 x  1.667 with Bar"
"85861","85861","Plate  1 x  1 Round with Open Stud"
"3659","3659","Arch  1 x  4"
